date,class,max_up20,max_up60,max_drawdown60
2017-06-22,OTHER_CONFIRMED,0.1177483285012193,0.14317949755683346,-0.00964192064485625
2019-10-30,OTHER_CONFIRMED,0.022476765151988598,0.271973169635888,-0.05436491840180091
2020-05-29,OTHER_CONFIRMED,0.08325804099576617,0.365430723091573,-0.07025063074376237
2021-01-20,OTHER_CONFIRMED,0.054460545069121125,0.2254562547850465,-0.06544252176567689
2021-04-21,OTHER_CONFIRMED,0.023070475619140884,0.023070475619140884,-0.1190351019250171
2021-12-03,TOP_HIT,0.09151325175833946,0.09151325175833946,-0.08748469877673348
2023-07-06,OTHER_CONFIRMED,0.1720576460643093,0.1720576460643093,-0.046374136798570054
2024-04-08,OTHER_CONFIRMED,0.06540826262955712,0.144009658125553,-0.026728030215935616
2025-07-08,OTHER_CONFIRMED,0.059813679312972434,0.47963614796988296,-0.02254512278543863
2025-10-13,OTHER_CONFIRMED,0.06419967883596778,0.17071643155267413,-0.08075695876257671
2026-02-02,OTHER_CONFIRMED,0.2659233650280466,0.48968715213068004,0.006158451019073974
