confirm_enter_on_share,confirm_min_parts,confirm_exit_on_share,cycle_detected,avg_cycle_lag_td,off_cycle_entries,off_active_days,off_active_share,longest_off_active_streak,entries
0.7,3,0.45,4,-11.0,4,44,0.085,20,41
0.7,4,0.45,4,-11.0,4,44,0.085,20,41
0.7,5,0.45,4,-11.0,4,44,0.085,20,41
0.8,3,0.45,4,-10.8,4,44,0.085,20,41
0.8,4,0.45,4,-10.8,4,44,0.085,20,41
0.8,5,0.45,4,-10.8,4,44,0.085,20,41
0.4,5,0.45,4,-18.5,4,47,0.091,20,52
0.5,5,0.45,4,-18.5,4,47,0.091,20,52
0.6,5,0.45,4,-18.5,4,47,0.091,20,46
0.7,3,0.35,4,-11.0,4,53,0.102,29,39
0.7,4,0.35,4,-11.0,4,53,0.102,29,39
0.7,5,0.35,4,-11.0,4,53,0.102,29,39
0.8,3,0.35,4,-10.8,4,53,0.102,29,39
0.8,4,0.35,4,-10.8,4,53,0.102,29,39
0.8,5,0.35,4,-10.8,4,53,0.102,29,39
0.4,5,0.35,4,-18.5,4,56,0.108,29,46
0.5,5,0.35,4,-18.5,4,56,0.108,29,46
0.6,5,0.35,4,-18.5,4,56,0.108,29,42
0.6,3,0.45,4,-35.5,5,56,0.108,25,50
0.6,4,0.45,4,-35.5,5,56,0.108,25,49
0.7,3,0.25,4,-11.0,4,57,0.11,33,36
0.7,4,0.25,4,-11.0,4,57,0.11,33,36
0.7,5,0.25,4,-11.0,4,57,0.11,33,36
0.8,3,0.25,4,-10.8,4,57,0.11,33,36
0.8,4,0.25,4,-10.8,4,57,0.11,33,36
0.8,5,0.25,4,-10.8,4,57,0.11,33,36
0.4,5,0.25,4,-18.5,4,60,0.116,33,42
0.5,5,0.25,4,-18.5,4,60,0.116,33,42
0.6,5,0.25,4,-18.5,4,60,0.116,33,39
0.4,4,0.45,4,-36.5,6,61,0.118,25,66
0.5,4,0.45,4,-36.5,6,61,0.118,25,62
0.5,3,0.45,4,-36.8,6,62,0.12,26,66
0.6,3,0.35,4,-35.5,4,68,0.131,41,45
0.6,4,0.35,4,-35.5,4,68,0.131,41,44
0.4,3,0.45,4,-31.0,5,69,0.133,32,75
0.6,3,0.25,4,-35.5,4,72,0.139,45,42
0.6,4,0.25,4,-35.5,4,72,0.139,45,41
0.4,4,0.35,4,-36.5,5,88,0.17,41,57
0.5,3,0.35,4,-36.8,5,88,0.17,41,56
0.5,4,0.35,4,-36.5,5,88,0.17,41,53
0.4,3,0.35,4,-31.0,5,93,0.18,41,66
0.4,4,0.25,4,-30.2,5,94,0.181,45,48
0.5,3,0.25,4,-30.5,5,94,0.181,45,50
0.5,4,0.25,4,-30.2,5,94,0.181,45,47
0.4,3,0.25,4,-31.0,5,99,0.191,45,55
