early_enter_breadth,new_turn_window,confirm_enter_on_share,confirm_min_parts,detected,first_usable,false_pos,late_reentry,signals,quality_rate,A1_lag,A1_label,A2_lag,A2_label,A3_lag,A3_label,A4_lag,A4_label,A5_lag,A5_label
0.25,5,0.5,3,5,3,10,21,73,0.426,19.0,진입 실패,-36,너무 이름,-26,후반 재진입,-46,너무 이름,-41,너무 이름
0.25,5,0.5,4,5,3,10,21,72,0.448,19.0,진입 실패,-36,너무 이름,-26,후반 재진입,-46,너무 이름,-41,너무 이름
0.25,5,0.5,5,5,3,8,19,64,0.458,22.0,진입 실패,-36,너무 이름,18,진입 성공,-44,너무 이름,-41,너무 이름
0.25,5,0.6,3,5,3,8,18,60,0.439,22.0,진입 실패,-36,너무 이름,18,진입 성공,-44,너무 이름,-41,너무 이름
0.25,5,0.6,4,5,3,8,18,60,0.456,22.0,진입 실패,-36,너무 이름,18,진입 성공,-44,너무 이름,-41,너무 이름
0.25,5,0.6,5,5,3,7,18,59,0.464,22.0,진입 실패,-36,너무 이름,18,진입 성공,-44,너무 이름,-41,너무 이름
0.25,5,0.7,3,5,3,7,17,57,0.444,22.0,진입 실패,-36,너무 이름,19,진입 성공,-43,너무 이름,-41,너무 이름
0.25,5,0.7,4,5,3,7,17,57,0.444,22.0,진입 실패,-36,너무 이름,19,진입 성공,-43,너무 이름,-41,너무 이름
0.25,5,0.7,5,5,3,7,17,57,0.444,22.0,진입 실패,-36,너무 이름,19,진입 성공,-43,너무 이름,-41,너무 이름
0.25,10,0.5,3,5,4,11,20,74,0.449,19.0,진입 실패,-36,너무 이름,-26,후반 재진입,-46,너무 이름,-41,너무 이름
0.25,10,0.5,4,5,4,12,19,73,0.441,19.0,진입 실패,-36,너무 이름,-26,후반 재진입,-46,너무 이름,-41,너무 이름
0.25,10,0.5,5,5,4,10,17,65,0.45,22.0,진입 실패,-36,너무 이름,18,진입 성공,-44,너무 이름,-41,너무 이름
0.25,10,0.6,3,5,4,10,16,62,0.441,22.0,진입 실패,-36,너무 이름,18,진입 성공,-44,너무 이름,-41,너무 이름
0.25,10,0.6,4,5,4,10,16,62,0.441,22.0,진입 실패,-36,너무 이름,18,진입 성공,-44,너무 이름,-41,너무 이름
0.25,10,0.6,5,5,4,9,16,61,0.448,22.0,진입 실패,-36,너무 이름,18,진입 성공,-44,너무 이름,-41,너무 이름
0.25,10,0.7,3,5,4,9,15,59,0.429,22.0,진입 실패,-36,너무 이름,19,진입 성공,-43,너무 이름,-41,너무 이름
0.25,10,0.7,4,5,4,9,15,59,0.429,22.0,진입 실패,-36,너무 이름,19,진입 성공,-43,너무 이름,-41,너무 이름
0.25,10,0.7,5,5,4,9,15,59,0.429,22.0,진입 실패,-36,너무 이름,19,진입 성공,-43,너무 이름,-41,너무 이름
0.3,5,0.5,3,5,3,9,19,69,0.422,19.0,진입 실패,-36,너무 이름,-26,후반 재진입,-46,너무 이름,-41,너무 이름
0.3,5,0.5,4,5,3,9,19,67,0.435,19.0,진입 실패,-36,너무 이름,-26,후반 재진입,-46,너무 이름,-41,너무 이름
0.3,5,0.5,5,5,3,7,16,58,0.453,22.0,진입 실패,-36,너무 이름,18,진입 성공,-44,너무 이름,-41,너무 이름
0.3,5,0.6,3,5,3,7,15,55,0.442,22.0,진입 실패,-36,너무 이름,18,진입 성공,-44,너무 이름,-41,너무 이름
0.3,5,0.6,4,5,3,7,15,54,0.451,22.0,진입 실패,-36,너무 이름,18,진입 성공,-44,너무 이름,-41,너무 이름
0.3,5,0.6,5,5,3,6,14,52,0.469,22.0,진입 실패,-36,너무 이름,18,진입 성공,-44,너무 이름,-41,너무 이름
0.3,5,0.7,3,5,3,6,12,46,0.488,22.0,진입 실패,-36,너무 이름,19,진입 성공,-41,너무 이름,-41,너무 이름
0.3,5,0.7,4,5,3,6,12,46,0.488,22.0,진입 실패,-36,너무 이름,19,진입 성공,-41,너무 이름,-41,너무 이름
0.3,5,0.7,5,5,3,6,12,46,0.488,22.0,진입 실패,-36,너무 이름,19,진입 성공,-41,너무 이름,-41,너무 이름
0.3,10,0.5,3,5,3,11,20,73,0.426,19.0,진입 실패,-36,너무 이름,-26,후반 재진입,-46,너무 이름,-41,너무 이름
0.3,10,0.5,4,5,3,11,19,71,0.424,19.0,진입 실패,-36,너무 이름,-26,후반 재진입,-46,너무 이름,-41,너무 이름
0.3,10,0.5,5,5,3,9,17,62,0.421,22.0,진입 실패,-36,너무 이름,18,진입 성공,-44,너무 이름,-41,너무 이름
0.3,10,0.6,3,5,3,9,16,59,0.411,22.0,진입 실패,-36,너무 이름,18,진입 성공,-44,너무 이름,-41,너무 이름
0.3,10,0.6,4,5,3,9,16,59,0.411,22.0,진입 실패,-36,너무 이름,18,진입 성공,-44,너무 이름,-41,너무 이름
0.3,10,0.6,5,5,3,8,16,58,0.418,22.0,진입 실패,-36,너무 이름,18,진입 성공,-44,너무 이름,-41,너무 이름
0.3,10,0.7,3,5,3,8,14,55,0.404,22.0,진입 실패,-36,너무 이름,19,진입 성공,-43,너무 이름,-41,너무 이름
0.3,10,0.7,4,5,3,8,14,55,0.404,22.0,진입 실패,-36,너무 이름,19,진입 성공,-43,너무 이름,-41,너무 이름
0.3,10,0.7,5,5,3,8,14,55,0.404,22.0,진입 실패,-36,너무 이름,19,진입 성공,-43,너무 이름,-41,너무 이름
0.35,5,0.5,3,5,3,8,18,65,0.433,19.0,진입 실패,8,진입 실패,-26,후반 재진입,-46,너무 이름,-40,너무 이름
0.35,5,0.5,4,5,3,8,17,62,0.456,19.0,진입 실패,8,진입 실패,-26,후반 재진입,-46,너무 이름,-40,너무 이름
0.35,5,0.5,5,5,3,6,14,53,0.479,22.0,진입 실패,8,진입 실패,18,진입 성공,-44,너무 이름,-40,너무 이름
0.35,5,0.6,3,5,3,6,13,50,0.468,22.0,진입 실패,8,진입 실패,18,진입 성공,-44,너무 이름,-40,너무 이름
0.35,5,0.6,4,5,3,6,13,49,0.478,22.0,진입 실패,8,진입 실패,18,진입 성공,-44,너무 이름,-40,너무 이름
0.35,5,0.6,5,5,3,5,12,47,0.5,22.0,진입 실패,8,진입 실패,18,진입 성공,-44,너무 이름,-40,너무 이름
0.35,5,0.7,3,5,3,5,10,41,0.526,22.0,진입 실패,8,진입 실패,19,진입 성공,-41,너무 이름,-40,너무 이름
0.35,5,0.7,4,5,3,5,10,41,0.526,22.0,진입 실패,8,진입 실패,19,진입 성공,-41,너무 이름,-40,너무 이름
0.35,5,0.7,5,5,3,5,10,41,0.526,22.0,진입 실패,8,진입 실패,19,진입 성공,-41,너무 이름,-40,너무 이름
0.35,10,0.5,3,5,3,10,19,70,0.431,19.0,진입 실패,-36,너무 이름,-26,후반 재진입,-46,너무 이름,-41,너무 이름
0.35,10,0.5,4,5,3,10,19,69,0.438,19.0,진입 실패,-36,너무 이름,-26,후반 재진입,-46,너무 이름,-41,너무 이름
0.35,10,0.5,5,5,3,8,16,59,0.444,22.0,진입 실패,-36,너무 이름,18,진입 성공,-44,너무 이름,-41,너무 이름
0.35,10,0.6,3,5,3,8,15,56,0.434,22.0,진입 실패,-36,너무 이름,18,진입 성공,-44,너무 이름,-41,너무 이름
0.35,10,0.6,4,5,3,8,15,56,0.434,22.0,진입 실패,-36,너무 이름,18,진입 성공,-44,너무 이름,-41,너무 이름
0.35,10,0.6,5,5,3,7,15,55,0.442,22.0,진입 실패,-36,너무 이름,18,진입 성공,-44,너무 이름,-41,너무 이름
0.35,10,0.7,3,5,3,7,13,51,0.458,22.0,진입 실패,-36,너무 이름,19,진입 성공,-43,너무 이름,-41,너무 이름
0.35,10,0.7,4,5,3,7,13,51,0.458,22.0,진입 실패,-36,너무 이름,19,진입 성공,-43,너무 이름,-41,너무 이름
0.35,10,0.7,5,5,3,7,13,51,0.458,22.0,진입 실패,-36,너무 이름,19,진입 성공,-43,너무 이름,-41,너무 이름
0.4,5,0.5,3,5,3,8,18,65,0.433,19.0,진입 실패,11,진입 실패,-26,후반 재진입,-46,너무 이름,-40,너무 이름
0.4,5,0.5,4,5,3,8,17,62,0.456,19.0,진입 실패,11,진입 실패,-26,후반 재진입,-46,너무 이름,-40,너무 이름
0.4,5,0.5,5,5,3,6,14,53,0.479,22.0,진입 실패,12,진입 실패,18,진입 성공,-44,너무 이름,-40,너무 이름
0.4,5,0.6,3,5,3,6,13,50,0.468,22.0,진입 실패,11,진입 실패,18,진입 성공,-44,너무 이름,-40,너무 이름
0.4,5,0.6,4,5,3,6,13,49,0.478,22.0,진입 실패,11,진입 실패,18,진입 성공,-44,너무 이름,-40,너무 이름
0.4,5,0.6,5,5,3,5,12,47,0.5,22.0,진입 실패,12,진입 실패,18,진입 성공,-44,너무 이름,-40,너무 이름
0.4,5,0.7,3,5,3,5,10,41,0.526,22.0,진입 실패,15,진입 실패,19,진입 성공,-41,너무 이름,-40,너무 이름
0.4,5,0.7,4,5,3,5,10,41,0.526,22.0,진입 실패,15,진입 실패,19,진입 성공,-41,너무 이름,-40,너무 이름
0.4,5,0.7,5,5,3,5,10,41,0.526,22.0,진입 실패,15,진입 실패,19,진입 성공,-41,너무 이름,-40,너무 이름
0.4,10,0.5,3,5,3,9,18,68,0.429,19.0,진입 실패,8,진입 실패,-26,후반 재진입,-46,너무 이름,-41,너무 이름
0.4,10,0.5,4,5,3,9,17,65,0.45,19.0,진입 실패,8,진입 실패,-26,후반 재진입,-46,너무 이름,-41,너무 이름
0.4,10,0.5,5,5,3,7,14,55,0.46,22.0,진입 실패,8,진입 실패,18,진입 성공,-44,너무 이름,-41,너무 이름
0.4,10,0.6,3,5,3,7,13,52,0.449,22.0,진입 실패,8,진입 실패,18,진입 성공,-44,너무 이름,-41,너무 이름
0.4,10,0.6,4,5,3,7,13,51,0.458,22.0,진입 실패,8,진입 실패,18,진입 성공,-44,너무 이름,-41,너무 이름
0.4,10,0.6,5,5,3,6,13,50,0.468,22.0,진입 실패,8,진입 실패,18,진입 성공,-44,너무 이름,-41,너무 이름
0.4,10,0.7,3,5,3,6,11,45,0.476,22.0,진입 실패,8,진입 실패,19,진입 성공,-43,너무 이름,-41,너무 이름
0.4,10,0.7,4,5,3,6,11,45,0.476,22.0,진입 실패,8,진입 실패,19,진입 성공,-43,너무 이름,-41,너무 이름
0.4,10,0.7,5,5,3,6,11,45,0.476,22.0,진입 실패,8,진입 실패,19,진입 성공,-43,너무 이름,-41,너무 이름
0.5,5,0.5,3,5,3,7,18,62,0.421,19.0,진입 실패,11,진입 실패,-26,후반 재진입,-46,너무 이름,-40,너무 이름
0.5,5,0.5,4,5,3,7,17,59,0.444,19.0,진입 실패,11,진입 실패,-26,후반 재진입,-46,너무 이름,-38,너무 이름
0.5,5,0.5,5,4,3,5,14,48,0.465,,,12,진입 실패,18,진입 성공,-44,너무 이름,-38,너무 이름
0.5,5,0.6,3,4,3,5,13,45,0.452,,,11,진입 실패,18,진입 성공,-44,너무 이름,-39,너무 이름
0.5,5,0.6,4,4,3,5,13,44,0.463,,,11,진입 실패,18,진입 성공,-44,너무 이름,-38,너무 이름
0.5,5,0.6,5,4,3,4,12,42,0.487,,,12,진입 실패,18,진입 성공,-44,너무 이름,-38,너무 이름
0.5,5,0.7,3,4,3,4,10,35,0.5,,,15,진입 실패,19,진입 성공,-41,너무 이름,-38,너무 이름
0.5,5,0.7,4,4,3,4,10,35,0.5,,,15,진입 실패,19,진입 성공,-41,너무 이름,-38,너무 이름
0.5,5,0.7,5,4,3,4,10,35,0.5,,,15,진입 실패,19,진입 성공,-41,너무 이름,-38,너무 이름
0.5,10,0.5,3,5,3,9,18,66,0.41,19.0,진입 실패,11,진입 실패,-26,후반 재진입,-46,너무 이름,-40,너무 이름
0.5,10,0.5,4,5,3,9,17,63,0.431,19.0,진입 실패,11,진입 실패,-26,후반 재진입,-46,너무 이름,-40,너무 이름
0.5,10,0.5,5,5,3,7,14,52,0.447,22.0,진입 실패,11,진입 실패,18,진입 성공,-44,너무 이름,-40,너무 이름
0.5,10,0.6,3,5,3,7,13,49,0.435,22.0,진입 실패,11,진입 실패,18,진입 성공,-44,너무 이름,-40,너무 이름
0.5,10,0.6,4,5,3,7,13,48,0.444,22.0,진입 실패,11,진입 실패,18,진입 성공,-44,너무 이름,-40,너무 이름
0.5,10,0.6,5,5,3,6,12,46,0.465,22.0,진입 실패,11,진입 실패,18,진입 성공,-44,너무 이름,-40,너무 이름
0.5,10,0.7,3,5,3,6,10,40,0.486,22.0,진입 실패,11,진입 실패,19,진입 성공,-43,너무 이름,-40,너무 이름
0.5,10,0.7,4,5,3,6,10,40,0.486,22.0,진입 실패,11,진입 실패,19,진입 성공,-43,너무 이름,-40,너무 이름
0.5,10,0.7,5,5,3,6,10,40,0.486,22.0,진입 실패,11,진입 실패,19,진입 성공,-43,너무 이름,-40,너무 이름
