early_enter_breadth,new_turn_window,cycle_detected,avg_cycle_lag_td,entries,off_cycle_false_pos
0.3,3,4,-31.0,54,6
0.3,5,4,-31.0,58,6
0.3,7,4,-31.0,59,7
0.3,10,4,-31.0,60,8
0.3,15,4,-31.0,57,7
0.35,3,4,-31.0,53,5
0.35,5,4,-31.0,55,5
0.35,7,4,-31.0,56,6
0.35,10,4,-31.0,57,7
0.35,15,4,-31.0,55,6
0.4,3,4,-31.0,53,5
0.4,5,4,-31.0,55,5
0.4,7,4,-31.0,54,5
0.4,10,4,-31.0,55,5
0.4,15,4,-31.0,54,5
0.45,3,4,-31.0,53,5
0.45,5,4,-31.0,53,5
0.45,7,4,-31.0,54,5
0.45,10,4,-31.0,55,5
0.45,15,4,-31.0,53,4
0.5,3,4,-31.0,53,5
0.5,5,4,-31.0,53,5
0.5,7,4,-31.0,54,5
0.5,10,4,-31.0,54,5
0.5,15,4,-31.0,53,4
0.55,3,4,-31.0,53,5
0.55,5,4,-31.0,53,5
0.55,7,4,-31.0,53,5
0.55,10,4,-31.0,54,5
0.55,15,4,-31.0,52,4
0.6,3,4,-31.0,53,5
0.6,5,4,-31.0,53,5
0.6,7,4,-31.0,53,5
0.6,10,4,-31.0,54,5
0.6,15,4,-31.0,53,4
