date,phase,late_level,fwd20,mae20,mfe20,fwd60,mae60,mfe60,fwd120,mae120,mfe120,quality_pass,cycle,position,label,first_in_cycle
2015-04-10,EARLY,없음,3.3,-2.4,4.2,7.1,-2.4,16.4,-5.0,-13.6,16.4,False,,,헛방,False
2015-05-19,CONFIRMED,없음,3.5,-1.6,5.7,-8.2,-8.2,5.8,-18.9,-21.4,5.8,False,,,헛방,False
2015-09-23,EARLY,없음,-1.2,-1.6,2.4,1.3,-6.1,2.4,3.1,-8.5,5.6,False,,,헛방,False
2015-11-26,EARLY,없음,-1.3,-7.6,-0.7,0.1,-10.2,1.1,9.5,-10.2,11.0,False,,,헛방,False
2016-01-08,EARLY,없음,0.7,-4.1,0.7,10.0,-8.3,10.0,17.8,-8.3,18.8,True,,,헛방,False
2016-02-29,EARLY,없음,1.1,-1.1,1.7,8.1,-1.1,9.1,23.5,-1.1,28.5,True,1차,-0.08,선행 진입 성공,True
2016-06-03,EARLY,없음,2.8,-2.6,2.8,7.0,-2.6,15.7,1.6,-2.6,15.7,False,1차,0.04,진입 실패,False
2016-07-13,CONFIRMED,없음,3.6,-1.0,7.8,-2.0,-7.8,7.8,4.9,-7.8,7.8,False,1차,0.09,진입 실패,False
2016-09-28,EARLY,없음,-1.9,-6.2,1.7,4.6,-7.3,4.6,2.6,-7.3,7.6,False,1차,0.19,진입 실패,False
2016-11-16,EARLY,없음,4.5,-4.1,4.5,4.5,-4.1,11.3,20.2,-4.1,20.2,True,1차,0.25,진입 성공,False
2016-12-14,EARLY,없음,5.2,1.2,5.9,4.1,-0.9,6.6,21.9,-0.9,24.7,True,1차,0.29,진입 성공,False
2017-03-14,EARLY,없음,3.1,-3.1,4.2,17.1,-3.1,19.8,26.9,-3.1,32.1,True,1차,0.4,진입 성공,False
2017-04-03,CONFIRMED,없음,4.9,-0.1,5.5,13.7,-0.1,19.4,24.1,-0.1,32.8,True,1차,0.43,진입 성공,False
2017-06-01,CONFIRMED,없음,5.0,0.2,7.3,10.4,0.2,15.9,32.8,0.2,39.6,True,1차,0.5,진입 성공,False
2017-07-18,CONFIRMED,없음,-5.8,-8.3,2.3,-1.2,-8.3,5.4,11.0,-8.3,23.2,False,1차,0.57,진입 실패,False
2017-08-31,EARLY,없음,1.0,-2.3,5.9,15.1,-3.4,23.8,6.0,-3.4,23.8,False,1차,0.62,진입 실패,False
2017-11-01,EARLY,없음,13.4,0.9,17.9,6.7,0.9,17.9,1.8,-3.8,17.9,False,1차,0.7,후반 재진입,False
2018-03-20,EARLY,없음,-3.8,-10.3,-0.3,-9.6,-10.3,1.5,-13.7,-16.8,1.5,False,1차,0.87,후반 재진입,False
2018-04-30,EARLY,없음,4.3,-2.5,5.0,-4.1,-10.1,8.4,-22.8,-25.3,8.4,False,1차,0.93,후반 재진입,False
2018-05-30,CONFIRMED,없음,-8.4,-9.3,5.1,-9.4,-13.9,5.1,-26.6,-28.1,5.1,False,1차,0.96,후반 재진입,False
2018-07-19,EARLY,없음,-7.3,-7.3,1.3,-14.3,-19.5,1.3,-24.0,-33.3,1.3,False,,,헛방,False
2018-11-12,EARLY,없음,-10.0,-10.0,-1.2,5.5,-18.9,5.5,7.8,-18.9,18.0,False,,,헛방,False
2019-01-15,EARLY,없음,19.8,1.2,22.9,27.1,1.2,28.6,13.4,1.2,29.3,False,,,헛방,False
2019-04-04,CONFIRMED,없음,1.6,-2.8,2.0,-10.4,-14.6,2.0,-5.3,-21.9,2.0,False,2차,-0.03,너무 이름,True
2019-06-19,EARLY,없음,2.6,-3.3,4.9,4.0,-11.0,6.8,13.1,-11.0,18.4,False,2차,0.04,진입 실패,False
2019-09-04,EARLY,없음,4.8,1.8,7.0,8.4,1.8,16.4,26.7,1.8,47.8,True,2차,0.12,진입 성공,False
2019-12-12,EARLY,없음,18.7,4.9,18.7,-1.8,-1.8,29.7,26.1,-30.9,29.7,True,2차,0.21,진입 성공,False
2020-04-14,CONFIRMED,없음,17.0,1.5,17.0,43.9,1.5,43.9,62.3,1.5,69.2,True,2차,0.33,진입 성공,False
2020-07-10,EARLY,없음,16.3,0.6,17.6,13.0,0.6,18.3,40.2,0.6,43.2,True,2차,0.41,진입 성공,False
2020-09-15,EARLY,없음,-9.1,-9.5,-2.5,6.0,-14.7,6.3,30.2,-14.7,33.7,False,2차,0.47,진입 실패,False
2020-11-09,EARLY,없음,10.0,-1.4,10.0,29.6,-1.4,36.1,54.6,-1.4,65.9,True,2차,0.52,진입 성공,False
2021-02-19,CONFIRMED,없음,0.2,-9.1,0.2,7.6,-9.1,19.0,14.7,-9.1,20.3,True,2차,0.62,진입 성공,False
2021-04-01,EARLY,없음,7.5,1.8,14.7,7.8,-1.2,14.7,7.9,-1.2,15.9,False,2차,0.66,진입 실패,False
2021-06-03,EARLY,없음,1.7,-3.4,2.2,1.6,-4.4,7.9,7.5,-11.3,14.2,False,2차,0.72,후반 재진입,False
2021-07-23,EARLY,없음,-6.2,-7.9,4.0,-9.6,-14.5,4.0,12.1,-14.5,17.9,False,2차,0.77,후반 재진입,False
2021-09-17,EARLY,없음,-9.2,-13.9,-2.3,6.3,-13.9,10.9,6.4,-13.9,18.8,False,2차,0.82,후반 재진입,False
2021-10-29,EARLY,없음,8.6,-1.6,15.4,11.6,-1.6,23.7,15.8,-1.6,23.7,True,2차,0.86,후반 재진입,False
2021-12-27,CONFIRMED,없음,-7.6,-7.6,3.3,-3.4,-14.9,3.3,-21.9,-25.3,3.3,False,2차,0.91,후반 재진입,False
2022-03-22,EARLY,없음,4.8,-0.8,4.8,-10.7,-10.7,6.0,-21.9,-23.8,6.0,False,2차,0.99,후반 재진입,False
2022-07-27,CONFIRMED,없음,-4.5,-7.2,0.6,-14.5,-24.5,0.6,-11.4,-24.5,0.6,False,,,헛방,False
2022-10-25,EARLY,없음,2.9,-5.9,9.2,2.2,-8.5,9.2,22.5,-8.5,28.2,True,3차,-0.05,선행 진입 성공,True
2023-01-10,EARLY,없음,9.7,0.2,9.9,22.8,-2.5,23.7,47.0,-2.5,56.1,True,3차,0.05,진입 성공,False
2023-03-24,EARLY,없음,2.3,-0.6,8.5,22.4,-3.7,24.7,43.4,-3.7,48.5,True,3차,0.15,진입 성공,False
2023-05-22,EARLY,없음,12.7,-1.2,14.5,22.3,-1.2,36.3,35.1,-1.2,36.3,True,3차,0.23,진입 성공,False
2023-07-19,CONFIRMED,주의,-4.7,-6.5,6.3,-4.8,-6.9,6.3,8.5,-10.6,15.9,False,3차,0.31,진입 실패,False
2023-09-14,EARLY,없음,-6.6,-8.6,0.8,7.9,-12.2,7.9,23.1,-12.2,25.9,False,3차,0.39,진입 실패,False
2023-10-19,EARLY,없음,10.7,-6.1,10.7,14.0,-6.1,21.8,60.3,-6.1,60.3,True,3차,0.42,진입 성공,False
2023-11-08,EARLY,없음,2.9,-1.2,6.8,6.0,-1.2,18.6,53.9,-1.2,53.9,True,3차,0.45,진입 성공,False
2024-01-04,CONFIRMED,없음,-5.9,-5.9,4.8,28.7,-6.3,28.7,40.3,-6.3,46.1,True,3차,0.53,진입 성공,False
2024-03-06,CONFIRMED,없음,13.6,-2.1,14.4,18.7,-2.1,21.4,-3.4,-10.0,29.9,False,3차,0.61,진입 실패,False
2024-06-18,CONFIRMED,없음,-2.9,-4.5,0.5,-35.2,-35.2,0.5,-42.7,-47.1,0.5,False,3차,0.74,후반 재진입,False
2024-10-11,EARLY,없음,-6.9,-6.9,2.9,-5.5,-26.3,2.9,-17.9,-26.3,7.4,False,3차,0.89,후반 재진입,False
2024-12-17,EARLY,없음,13.9,-5.2,14.1,29.6,-5.2,29.7,27.7,-5.2,29.7,True,3차,0.98,후반 재진입,False
2025-02-14,CONFIRMED,없음,3.5,-9.3,6.8,-4.0,-18.3,6.8,15.0,-18.3,15.0,False,4차,-0.08,너무 이름,True
2025-05-12,CONFIRMED,없음,8.8,-6.8,8.8,13.1,-6.8,18.7,87.6,-6.8,91.5,True,4차,0.07,진입 성공,False
2025-06-05,CONFIRMED,없음,9.8,0.1,12.0,14.4,0.1,19.8,79.2,0.1,87.0,True,4차,0.12,진입 성공,False
2025-08-13,EARLY,없음,8.3,-6.6,8.3,54.7,-6.6,56.1,111.2,-6.6,120.3,True,4차,0.25,진입 성공,False
2025-12-26,EARLY,없음,27.5,1.0,27.5,52.2,1.0,73.2,113.6,1.0,147.0,True,4차,0.49,진입 성공,False
2026-04-15,EARLY,없음,14.5,2.7,24.7,7.7,-2.5,39.8,,,,,4차,0.69,판정대기(기간부족),False
2026-08-14,EARLY,없음,-0.0,-4.3,8.4,,,,,,,,4차,0.91,판정대기(기간부족),False
2026-09-21,CONFIRMED,없음,,,,,,,,,,,4차,0.98,판정대기(기간부족),False
